danceability,energy,key,loudness,mode,speechiness,acousticness,instrumentalness,liveness,valence,tempo,type,id,uri,track_href,analysis_url,duration_ms,time_signature
0.728,0.741,6,-7.075,0,0.0473,0.000582,0.00206,0.33,0.31,123.006,audio_features,3KyKxJ4P3pVCgaZwaq2rUC,spotify:track:3KyKxJ4P3pVCgaZwaq2rUC,https://api.spotify.com/v1/tracks/3KyKxJ4P3pVCgaZwaq2rUC,https://api.spotify.com/v1/audio-analysis/3KyKxJ4P3pVCgaZwaq2rUC,212166,4
0.637,0.652,1,-5.237,0,0.0435,0.0664,0.177,0.0714,0.0725,115.923,audio_features,5OmX5lXxZ5sQgPuSHDn293,spotify:track:5OmX5lXxZ5sQgPuSHDn293,https://api.spotify.com/v1/tracks/5OmX5lXxZ5sQgPuSHDn293,https://api.spotify.com/v1/audio-analysis/5OmX5lXxZ5sQgPuSHDn293,306773,4
0.464,0.967,2,-3.501,1,0.136,0.000142,2.17e-05,0.269,0.669,174.92,audio_features,3jsNPTt6LUyB2srOcZaq47,spotify:track:3jsNPTt6LUyB2srOcZaq47,https://api.spotify.com/v1/tracks/3jsNPTt6LUyB2srOcZaq47,https://api.spotify.com/v1/audio-analysis/3jsNPTt6LUyB2srOcZaq47,178600,4
0.278,0.936,7,-5.986,1,0.107,0.000401,0.0,0.335,0.34,119.088,audio_features,1mWMGKUaL7EyYIIveqlKC0,spotify:track:1mWMGKUaL7EyYIIveqlKC0,https://api.spotify.com/v1/tracks/1mWMGKUaL7EyYIIveqlKC0,https://api.spotify.com/v1/audio-analysis/1mWMGKUaL7EyYIIveqlKC0,132547,4
0.569,0.721,7,-6.623,1,0.0453,0.182,0.0,0.104,0.751,108.198,audio_features,58zSuvHCLIipfXWSKpdlSk,spotify:track:58zSuvHCLIipfXWSKpdlSk,https://api.spotify.com/v1/tracks/58zSuvHCLIipfXWSKpdlSk,https://api.spotify.com/v1/audio-analysis/58zSuvHCLIipfXWSKpdlSk,115467,4
0.476,0.44,2,-6.031,1,0.032,0.801,0.00035,0.0955,0.391,163.717,audio_features,1DSHAYYPzPh5JusGnEN3Pm,spotify:track:1DSHAYYPzPh5JusGnEN3Pm,https://api.spotify.com/v1/tracks/1DSHAYYPzPh5JusGnEN3Pm,https://api.spotify.com/v1/audio-analysis/1DSHAYYPzPh5JusGnEN3Pm,216887,4
0.526,0.858,9,-8.533,1,0.0476,0.292,0.001,0.353,0.886,75.596,audio_features,0KogQrSowDnZoU8GSpaxkj,spotify:track:0KogQrSowDnZoU8GSpaxkj,https://api.spotify.com/v1/tracks/0KogQrSowDnZoU8GSpaxkj,https://api.spotify.com/v1/audio-analysis/0KogQrSowDnZoU8GSpaxkj,106400,4
0.565,0.951,2,-3.804,1,0.0393,0.0623,0.657,0.273,0.737,97.337,audio_features,1lJbKjGY6BqP7P7Dg5fdUY,spotify:track:1lJbKjGY6BqP7P7Dg5fdUY,https://api.spotify.com/v1/tracks/1lJbKjGY6BqP7P7Dg5fdUY,https://api.spotify.com/v1/audio-analysis/1lJbKjGY6BqP7P7Dg5fdUY,244600,4
0.801,0.663,11,-6.29,1,0.0485,0.181,0.000535,0.0945,0.552,96.991,audio_features,1L91NeuzKQfcCchDI8SVii,spotify:track:1L91NeuzKQfcCchDI8SVii,https://api.spotify.com/v1/tracks/1L91NeuzKQfcCchDI8SVii,https://api.spotify.com/v1/audio-analysis/1L91NeuzKQfcCchDI8SVii,258853,4
0.583,0.694,7,-9.204,1,0.033,0.221,8.87e-06,0.292,0.493,115.794,audio_features,5FRwiSwiwd2GYsrY6EmLlD,spotify:track:5FRwiSwiwd2GYsrY6EmLlD,https://api.spotify.com/v1/tracks/5FRwiSwiwd2GYsrY6EmLlD,https://api.spotify.com/v1/audio-analysis/5FRwiSwiwd2GYsrY6EmLlD,256933,4
0.581,0.802,5,-12.611,1,0.0433,0.198,0.0,0.134,0.518,124.808,audio_features,7CmjT5PmjIJwCIKkhPqtrI,spotify:track:7CmjT5PmjIJwCIKkhPqtrI,https://api.spotify.com/v1/tracks/7CmjT5PmjIJwCIKkhPqtrI,https://api.spotify.com/v1/audio-analysis/7CmjT5PmjIJwCIKkhPqtrI,206293,4
0.706,0.257,7,-16.154,1,0.029,0.265,3.17e-06,0.0674,0.388,101.685,audio_features,5E0TUUfpxgWQ4uMKeZyT2B,spotify:track:5E0TUUfpxgWQ4uMKeZyT2B,https://api.spotify.com/v1/tracks/5E0TUUfpxgWQ4uMKeZyT2B,https://api.spotify.com/v1/audio-analysis/5E0TUUfpxgWQ4uMKeZyT2B,248733,3
0.27,0.825,7,-10.256,1,0.0607,0.00985,0.308,0.118,0.273,106.147,audio_features,13nQ70PnhDnTkYqCmdg3sy,spotify:track:13nQ70PnhDnTkYqCmdg3sy,https://api.spotify.com/v1/tracks/13nQ70PnhDnTkYqCmdg3sy,https://api.spotify.com/v1/audio-analysis/13nQ70PnhDnTkYqCmdg3sy,253093,4
0.653,0.677,8,-11.386,1,0.0661,0.0661,0.0,0.0523,0.789,131.909,audio_features,00GSm6iPrN4XOcG7FXrcZl,spotify:track:00GSm6iPrN4XOcG7FXrcZl,https://api.spotify.com/v1/tracks/00GSm6iPrN4XOcG7FXrcZl,https://api.spotify.com/v1/audio-analysis/00GSm6iPrN4XOcG7FXrcZl,220293,4
0.221,0.89,8,-7.939,1,0.107,0.095,0.48,0.128,0.425,157.115,audio_features,3sUoUvp1n3OduroVaiLVTh,spotify:track:3sUoUvp1n3OduroVaiLVTh,https://api.spotify.com/v1/tracks/3sUoUvp1n3OduroVaiLVTh,https://api.spotify.com/v1/audio-analysis/3sUoUvp1n3OduroVaiLVTh,181680,4
0.503,0.798,5,-6.155,1,0.0618,0.142,0.000106,0.14,0.63,160.787,audio_features,4cKnOBKniYNOEaSd9O41Pk,spotify:track:4cKnOBKniYNOEaSd9O41Pk,https://api.spotify.com/v1/tracks/4cKnOBKniYNOEaSd9O41Pk,https://api.spotify.com/v1/audio-analysis/4cKnOBKniYNOEaSd9O41Pk,321040,4
0.736,0.651,6,-8.933,1,0.124,0.00265,0.000238,0.0838,0.971,166.572,audio_features,5cl6rJmigUbx6cNrA3nV8z,spotify:track:5cl6rJmigUbx6cNrA3nV8z,https://api.spotify.com/v1/tracks/5cl6rJmigUbx6cNrA3nV8z,https://api.spotify.com/v1/audio-analysis/5cl6rJmigUbx6cNrA3nV8z,222600,3
0.626,0.56,3,-11.396,0,0.0344,0.128,0.532,0.189,0.552,149.967,audio_features,3TanrPFtNzqB4jbOVMAI9v,spotify:track:3TanrPFtNzqB4jbOVMAI9v,https://api.spotify.com/v1/tracks/3TanrPFtNzqB4jbOVMAI9v,https://api.spotify.com/v1/audio-analysis/3TanrPFtNzqB4jbOVMAI9v,275440,4
0.493,0.449,8,-10.437,0,0.0276,0.00561,0.000267,0.183,0.0852,146.362,audio_features,0Arh8PQzGKq14Ri1d25Fen,spotify:track:0Arh8PQzGKq14Ri1d25Fen,https://api.spotify.com/v1/tracks/0Arh8PQzGKq14Ri1d25Fen,https://api.spotify.com/v1/audio-analysis/0Arh8PQzGKq14Ri1d25Fen,383067,4
0.375,0.139,2,-13.298,1,0.0363,0.963,0.0175,0.583,0.387,118.411,audio_features,0h0yrOKNXrW1AKSfWT4JDB,spotify:track:0h0yrOKNXrW1AKSfWT4JDB,https://api.spotify.com/v1/tracks/0h0yrOKNXrW1AKSfWT4JDB,https://api.spotify.com/v1/audio-analysis/0h0yrOKNXrW1AKSfWT4JDB,124933,4
0.846,0.439,11,-7.175,0,0.1,0.107,0.0,0.124,0.658,121.988,audio_features,2RJ7BMH1kSYXSqHGFeoz0X,spotify:track:2RJ7BMH1kSYXSqHGFeoz0X,https://api.spotify.com/v1/tracks/2RJ7BMH1kSYXSqHGFeoz0X,https://api.spotify.com/v1/audio-analysis/2RJ7BMH1kSYXSqHGFeoz0X,156885,4
0.483,0.439,9,-10.212,0,0.238,0.805,0.0,0.637,0.618,81.986,audio_features,7CcoUAtUcYhUfBsmtn0ajO,spotify:track:7CcoUAtUcYhUfBsmtn0ajO,https://api.spotify.com/v1/tracks/7CcoUAtUcYhUfBsmtn0ajO,https://api.spotify.com/v1/audio-analysis/7CcoUAtUcYhUfBsmtn0ajO,303640,4
0.758,0.583,1,-6.361,1,0.0421,0.18,5.12e-05,0.107,0.797,97.537,audio_features,1UNs8AlFM8c0uAkSyjIW3P,spotify:track:1UNs8AlFM8c0uAkSyjIW3P,https://api.spotify.com/v1/tracks/1UNs8AlFM8c0uAkSyjIW3P,https://api.spotify.com/v1/audio-analysis/1UNs8AlFM8c0uAkSyjIW3P,177438,4
0.613,0.576,4,-7.617,0,0.0651,0.00786,4.63e-06,0.106,0.692,87.988,audio_features,6bSLDFKAqEIItAGrdoygwY,spotify:track:6bSLDFKAqEIItAGrdoygwY,https://api.spotify.com/v1/tracks/6bSLDFKAqEIItAGrdoygwY,https://api.spotify.com/v1/audio-analysis/6bSLDFKAqEIItAGrdoygwY,246523,4
0.608,0.602,7,-6.346,1,0.0393,0.507,0.0,0.129,0.393,139.954,audio_features,23q6Nowh5GeqtY5jTDzKyQ,spotify:track:23q6Nowh5GeqtY5jTDzKyQ,https://api.spotify.com/v1/tracks/23q6Nowh5GeqtY5jTDzKyQ,https://api.spotify.com/v1/audio-analysis/23q6Nowh5GeqtY5jTDzKyQ,351173,4
0.483,0.669,1,-5.673,0,0.0547,0.0107,0.0,0.117,0.613,198.073,audio_features,1k1npeU9mO4807CChhMFP3,spotify:track:1k1npeU9mO4807CChhMFP3,https://api.spotify.com/v1/tracks/1k1npeU9mO4807CChhMFP3,https://api.spotify.com/v1/audio-analysis/1k1npeU9mO4807CChhMFP3,239200,4
0.437,0.573,7,-5.974,0,0.0281,0.0291,2.9e-05,0.188,0.198,80.988,audio_features,0rKzp0FNTvce30ffnQzBIS,spotify:track:0rKzp0FNTvce30ffnQzBIS,https://api.spotify.com/v1/tracks/0rKzp0FNTvce30ffnQzBIS,https://api.spotify.com/v1/audio-analysis/0rKzp0FNTvce30ffnQzBIS,329904,4
0.92,0.658,1,-4.249,1,0.0792,0.00805,0.0,0.0797,0.468,148.098,audio_features,5INgNRiLfTyTGTXt3eIr2r,spotify:track:5INgNRiLfTyTGTXt3eIr2r,https://api.spotify.com/v1/tracks/5INgNRiLfTyTGTXt3eIr2r,https://api.spotify.com/v1/audio-analysis/5INgNRiLfTyTGTXt3eIr2r,171723,4
0.754,0.848,9,-2.332,1,0.0463,0.156,0.0,0.0947,0.896,130.04,audio_features,2llGaRhftbXIr1UgbpQpWq,spotify:track:2llGaRhftbXIr1UgbpQpWq,https://api.spotify.com/v1/tracks/2llGaRhftbXIr1UgbpQpWq,https://api.spotify.com/v1/audio-analysis/2llGaRhftbXIr1UgbpQpWq,158933,4
0.712,0.745,8,-4.977,1,0.0924,0.153,0.0,0.0557,0.432,92.981,audio_features,3uZrLYuhuFbo872XiLdo1x,spotify:track:3uZrLYuhuFbo872XiLdo1x,https://api.spotify.com/v1/tracks/3uZrLYuhuFbo872XiLdo1x,https://api.spotify.com/v1/audio-analysis/3uZrLYuhuFbo872XiLdo1x,223355,4
0.825,0.504,6,-9.874,0,0.0734,0.00591,0.00214,0.277,0.503,113.007,audio_features,4qzuGD1Gbv72hhIjxFUC7h,spotify:track:4qzuGD1Gbv72hhIjxFUC7h,https://api.spotify.com/v1/tracks/4qzuGD1Gbv72hhIjxFUC7h,https://api.spotify.com/v1/audio-analysis/4qzuGD1Gbv72hhIjxFUC7h,210387,4
0.535,0.669,9,-8.758,0,0.0462,0.0429,0.00269,0.0822,0.0665,75.944,audio_features,1Z2WTT8ZKwHoFBfN3FhNqc,spotify:track:1Z2WTT8ZKwHoFBfN3FhNqc,https://api.spotify.com/v1/tracks/1Z2WTT8ZKwHoFBfN3FhNqc,https://api.spotify.com/v1/audio-analysis/1Z2WTT8ZKwHoFBfN3FhNqc,313867,4
0.506,0.84,3,-6.232,0,0.177,0.0423,0.0,0.218,0.584,179.774,audio_features,308ekVBPtp2xbTXJ8StWoc,spotify:track:308ekVBPtp2xbTXJ8StWoc,https://api.spotify.com/v1/tracks/308ekVBPtp2xbTXJ8StWoc,https://api.spotify.com/v1/audio-analysis/308ekVBPtp2xbTXJ8StWoc,162342,4
0.825,0.633,5,-8.461,0,0.0305,0.167,7.51e-06,0.0781,0.951,106.971,audio_features,3nkxT86Yig9jbqxfPj8aEz,spotify:track:3nkxT86Yig9jbqxfPj8aEz,https://api.spotify.com/v1/tracks/3nkxT86Yig9jbqxfPj8aEz,https://api.spotify.com/v1/audio-analysis/3nkxT86Yig9jbqxfPj8aEz,231028,4
0.439,0.606,0,-5.313,0,0.041,0.321,0.0,0.314,0.603,130.013,audio_features,12CSZVtObE3mSyVkCD3xvm,spotify:track:12CSZVtObE3mSyVkCD3xvm,https://api.spotify.com/v1/tracks/12CSZVtObE3mSyVkCD3xvm,https://api.spotify.com/v1/audio-analysis/12CSZVtObE3mSyVkCD3xvm,329456,4
0.791,0.751,6,-8.295,1,0.201,0.00289,0.0,0.0699,0.689,99.978,audio_features,1fO6pEGXbYNamVNVUEnGuB,spotify:track:1fO6pEGXbYNamVNVUEnGuB,https://api.spotify.com/v1/tracks/1fO6pEGXbYNamVNVUEnGuB,https://api.spotify.com/v1/audio-analysis/1fO6pEGXbYNamVNVUEnGuB,212227,4
0.813,0.817,9,-7.878,1,0.133,0.563,0.000997,0.0679,0.69,102.012,audio_features,1XRF2sf51KwPDe2c3ldL8O,spotify:track:1XRF2sf51KwPDe2c3ldL8O,https://api.spotify.com/v1/tracks/1XRF2sf51KwPDe2c3ldL8O,https://api.spotify.com/v1/audio-analysis/1XRF2sf51KwPDe2c3ldL8O,480387,4
0.69,0.44,11,-8.528,0,0.0768,0.654,0.0,0.538,0.494,81.234,audio_features,03jhnLcIT8C4DhXnNecOZv,spotify:track:03jhnLcIT8C4DhXnNecOZv,https://api.spotify.com/v1/tracks/03jhnLcIT8C4DhXnNecOZv,https://api.spotify.com/v1/audio-analysis/03jhnLcIT8C4DhXnNecOZv,121707,4
0.322,0.973,4,-4.38,1,0.0766,0.000745,5.66e-05,0.525,0.468,138.14,audio_features,17z8eLCkciVamEqXJS6Ri8,spotify:track:17z8eLCkciVamEqXJS6Ri8,https://api.spotify.com/v1/tracks/17z8eLCkciVamEqXJS6Ri8,https://api.spotify.com/v1/audio-analysis/17z8eLCkciVamEqXJS6Ri8,323240,4
0.647,0.165,10,-16.328,1,0.0315,0.894,0.00187,0.116,0.59,75.978,audio_features,1vLPyotXnRlM2EJIHK16LW,spotify:track:1vLPyotXnRlM2EJIHK16LW,https://api.spotify.com/v1/tracks/1vLPyotXnRlM2EJIHK16LW,https://api.spotify.com/v1/audio-analysis/1vLPyotXnRlM2EJIHK16LW,188320,4
0.795,0.582,0,-7.365,0,0.054,0.275,0.0,0.239,0.778,134.055,audio_features,3Zg68ElzsOAHABZsfXlljo,spotify:track:3Zg68ElzsOAHABZsfXlljo,https://api.spotify.com/v1/tracks/3Zg68ElzsOAHABZsfXlljo,https://api.spotify.com/v1/audio-analysis/3Zg68ElzsOAHABZsfXlljo,214925,4
0.839,0.747,11,-9.103,0,0.32,0.0328,0.0,0.0717,0.428,138.015,audio_features,1utm8E02HhJjVHwVuRv3AE,spotify:track:1utm8E02HhJjVHwVuRv3AE,https://api.spotify.com/v1/tracks/1utm8E02HhJjVHwVuRv3AE,https://api.spotify.com/v1/audio-analysis/1utm8E02HhJjVHwVuRv3AE,239227,4
0.464,0.724,8,-6.469,0,0.0921,0.00332,0.0,0.218,0.441,94.11,audio_features,3ESrbpNWSVXaRZEdAIu4vv,spotify:track:3ESrbpNWSVXaRZEdAIu4vv,https://api.spotify.com/v1/tracks/3ESrbpNWSVXaRZEdAIu4vv,https://api.spotify.com/v1/audio-analysis/3ESrbpNWSVXaRZEdAIu4vv,210227,4
0.606,0.672,5,-6.839,1,0.0513,0.627,0.0,0.167,0.765,96.545,audio_features,0OT6LuP1No8F21Z4dT1El2,spotify:track:0OT6LuP1No8F21Z4dT1El2,https://api.spotify.com/v1/tracks/0OT6LuP1No8F21Z4dT1El2,https://api.spotify.com/v1/audio-analysis/0OT6LuP1No8F21Z4dT1El2,160680,4
0.561,0.882,9,-4.659,0,0.038,0.000434,6.79e-06,0.289,0.463,100.057,audio_features,0RpoEX6YQg81MNk66yZmOm,spotify:track:0RpoEX6YQg81MNk66yZmOm,https://api.spotify.com/v1/tracks/0RpoEX6YQg81MNk66yZmOm,https://api.spotify.com/v1/audio-analysis/0RpoEX6YQg81MNk66yZmOm,247427,4
0.556,0.447,8,-10.49,1,0.0346,0.493,4.94e-06,0.163,0.328,109.868,audio_features,1USpN6Ei5ST1Xj7lQ8Tk48,spotify:track:1USpN6Ei5ST1Xj7lQ8Tk48,https://api.spotify.com/v1/tracks/1USpN6Ei5ST1Xj7lQ8Tk48,https://api.spotify.com/v1/audio-analysis/1USpN6Ei5ST1Xj7lQ8Tk48,156400,4
0.54,0.763,7,-12.003,1,0.0351,0.0383,2.75e-06,0.0968,0.826,177.184,audio_features,5IsYqAOWELDtIaQpspZGZ0,spotify:track:5IsYqAOWELDtIaQpspZGZ0,https://api.spotify.com/v1/tracks/5IsYqAOWELDtIaQpspZGZ0,https://api.spotify.com/v1/audio-analysis/5IsYqAOWELDtIaQpspZGZ0,211027,4
0.344,0.362,7,-10.677,1,0.0492,0.901,0.0735,0.124,0.155,128.723,audio_features,2eQAr4IgxjMEMgBc7Wa4iz,spotify:track:2eQAr4IgxjMEMgBc7Wa4iz,https://api.spotify.com/v1/tracks/2eQAr4IgxjMEMgBc7Wa4iz,https://api.spotify.com/v1/audio-analysis/2eQAr4IgxjMEMgBc7Wa4iz,239000,5
0.257,0.482,11,-10.092,0,0.036,0.061,0.00471,0.376,0.494,109.787,audio_features,4XLOu6L1n5lUgZfyRW5HvW,spotify:track:4XLOu6L1n5lUgZfyRW5HvW,https://api.spotify.com/v1/tracks/4XLOu6L1n5lUgZfyRW5HvW,https://api.spotify.com/v1/audio-analysis/4XLOu6L1n5lUgZfyRW5HvW,303227,3
0.671,0.886,9,-2.723,1,0.0391,0.0335,0.0,0.315,0.758,126.978,audio_features,4U0tAv8oTwOy4tOthjakmc,spotify:track:4U0tAv8oTwOy4tOthjakmc,https://api.spotify.com/v1/tracks/4U0tAv8oTwOy4tOthjakmc,https://api.spotify.com/v1/audio-analysis/4U0tAv8oTwOy4tOthjakmc,240837,4
0.65,0.521,0,-13.684,1,0.201,0.339,0.0,0.0732,0.821,170.94,audio_features,2PlR2PW4QSF9w9jvJVkL5g,spotify:track:2PlR2PW4QSF9w9jvJVkL5g,https://api.spotify.com/v1/tracks/2PlR2PW4QSF9w9jvJVkL5g,https://api.spotify.com/v1/audio-analysis/2PlR2PW4QSF9w9jvJVkL5g,154787,4
0.203,0.314,2,-9.665,1,0.0327,0.887,0.00234,0.0902,0.124,75.548,audio_features,4MLI0BX2BEUXMqyUKkJlW1,spotify:track:4MLI0BX2BEUXMqyUKkJlW1,https://api.spotify.com/v1/tracks/4MLI0BX2BEUXMqyUKkJlW1,https://api.spotify.com/v1/audio-analysis/4MLI0BX2BEUXMqyUKkJlW1,201013,3
0.579,0.637,7,-6.039,1,0.0274,0.0146,1.1e-05,0.103,0.608,112.44,audio_features,5JeEvx99qEtdqyDRO7IaU8,spotify:track:5JeEvx99qEtdqyDRO7IaU8,https://api.spotify.com/v1/tracks/5JeEvx99qEtdqyDRO7IaU8,https://api.spotify.com/v1/audio-analysis/5JeEvx99qEtdqyDRO7IaU8,195987,4
0.556,0.885,6,-4.045,1,0.0322,0.00786,1.95e-06,0.138,0.772,125.997,audio_features,08BqpoC6YtbqNtxTSI9USe,spotify:track:08BqpoC6YtbqNtxTSI9USe,https://api.spotify.com/v1/tracks/08BqpoC6YtbqNtxTSI9USe,https://api.spotify.com/v1/audio-analysis/08BqpoC6YtbqNtxTSI9USe,198133,4
0.429,0.663,0,-7.031,1,0.0287,0.452,0.0299,0.109,0.292,80.014,audio_features,5ZeEQYHgKqN0bIjpTAYeCa,spotify:track:5ZeEQYHgKqN0bIjpTAYeCa,https://api.spotify.com/v1/tracks/5ZeEQYHgKqN0bIjpTAYeCa,https://api.spotify.com/v1/audio-analysis/5ZeEQYHgKqN0bIjpTAYeCa,251200,4
0.513,0.492,11,-7.17,0,0.186,0.453,3.47e-06,0.117,0.0667,139.882,audio_features,6cVvXT2u6MQ5EMsiFIP21a,spotify:track:6cVvXT2u6MQ5EMsiFIP21a,https://api.spotify.com/v1/tracks/6cVvXT2u6MQ5EMsiFIP21a,https://api.spotify.com/v1/audio-analysis/6cVvXT2u6MQ5EMsiFIP21a,175429,5
0.529,0.929,6,-4.359,0,0.0615,0.0375,0.0112,0.115,0.768,80.175,audio_features,7cWsq2ur8HFpUNRsBhElYJ,spotify:track:7cWsq2ur8HFpUNRsBhElYJ,https://api.spotify.com/v1/tracks/7cWsq2ur8HFpUNRsBhElYJ,https://api.spotify.com/v1/audio-analysis/7cWsq2ur8HFpUNRsBhElYJ,167044,4
0.558,0.573,7,-6.244,1,0.0334,0.159,2.49e-06,0.116,0.193,75.973,audio_features,4AkrkORGjiz7c90mwxAvdW,spotify:track:4AkrkORGjiz7c90mwxAvdW,https://api.spotify.com/v1/tracks/4AkrkORGjiz7c90mwxAvdW,https://api.spotify.com/v1/audio-analysis/4AkrkORGjiz7c90mwxAvdW,263600,4
0.729,0.666,2,-4.167,0,0.0698,0.237,3.82e-05,0.289,0.337,90.024,audio_features,0a2giOzEw6DnH2V9bt3GP3,spotify:track:0a2giOzEw6DnH2V9bt3GP3,https://api.spotify.com/v1/tracks/0a2giOzEw6DnH2V9bt3GP3,https://api.spotify.com/v1/audio-analysis/0a2giOzEw6DnH2V9bt3GP3,210914,4
0.646,0.91,10,-2.062,1,0.0398,0.296,0.0,0.32,0.432,100.0,audio_features,1sEG4j3BPpYyT4hFBQ2M4N,spotify:track:1sEG4j3BPpYyT4hFBQ2M4N,https://api.spotify.com/v1/tracks/1sEG4j3BPpYyT4hFBQ2M4N,https://api.spotify.com/v1/audio-analysis/1sEG4j3BPpYyT4hFBQ2M4N,187027,4
0.753,0.849,0,-5.539,1,0.0862,0.0895,1.02e-05,0.0765,0.375,124.962,audio_features,6oabBH6N46NB18IhOkGXFS,spotify:track:6oabBH6N46NB18IhOkGXFS,https://api.spotify.com/v1/tracks/6oabBH6N46NB18IhOkGXFS,https://api.spotify.com/v1/audio-analysis/6oabBH6N46NB18IhOkGXFS,249693,4
0.787,0.681,7,-7.429,0,0.0429,0.352,0.0,0.361,0.768,103.077,audio_features,4bjWpHDyAcDcjsqIlhRsa5,spotify:track:4bjWpHDyAcDcjsqIlhRsa5,https://api.spotify.com/v1/tracks/4bjWpHDyAcDcjsqIlhRsa5,https://api.spotify.com/v1/audio-analysis/4bjWpHDyAcDcjsqIlhRsa5,198053,4
0.692,0.725,10,-4.457,0,0.191,0.062,0.0,0.086,0.303,94.893,audio_features,7lwOMbhVw4MY2B91EQKOGl,spotify:track:7lwOMbhVw4MY2B91EQKOGl,https://api.spotify.com/v1/tracks/7lwOMbhVw4MY2B91EQKOGl,https://api.spotify.com/v1/audio-analysis/7lwOMbhVw4MY2B91EQKOGl,193380,4
0.52,0.538,8,-8.747,0,0.221,0.602,0.0,0.177,0.546,127.425,audio_features,39GdQUHeQwpwyvmyXwv5Dq,spotify:track:39GdQUHeQwpwyvmyXwv5Dq,https://api.spotify.com/v1/tracks/39GdQUHeQwpwyvmyXwv5Dq,https://api.spotify.com/v1/audio-analysis/39GdQUHeQwpwyvmyXwv5Dq,195075,4
0.845,0.854,4,-5.897,0,0.196,0.0376,1.45e-05,0.343,0.637,102.012,audio_features,6FccLTPgQd0vnrFqmtbD64,spotify:track:6FccLTPgQd0vnrFqmtbD64,https://api.spotify.com/v1/tracks/6FccLTPgQd0vnrFqmtbD64,https://api.spotify.com/v1/audio-analysis/6FccLTPgQd0vnrFqmtbD64,202447,4
0.892,0.755,11,-6.577,0,0.076,0.203,0.000944,0.336,0.614,126.11,audio_features,32KkCXu2gTRBJUU1or4vWz,spotify:track:32KkCXu2gTRBJUU1or4vWz,https://api.spotify.com/v1/tracks/32KkCXu2gTRBJUU1or4vWz,https://api.spotify.com/v1/audio-analysis/32KkCXu2gTRBJUU1or4vWz,187987,4
0.713,0.563,1,-4.459,1,0.123,0.228,0.705,0.119,0.746,125.144,audio_features,1PiqBod2OqGJub07PAkoGx,spotify:track:1PiqBod2OqGJub07PAkoGx,https://api.spotify.com/v1/tracks/1PiqBod2OqGJub07PAkoGx,https://api.spotify.com/v1/audio-analysis/1PiqBod2OqGJub07PAkoGx,196713,5
0.858,0.535,0,-13.672,1,0.0366,0.0288,0.000556,0.28,0.961,115.966,audio_features,0vf2AjuJGgOPf3QpsppjXQ,spotify:track:0vf2AjuJGgOPf3QpsppjXQ,https://api.spotify.com/v1/tracks/0vf2AjuJGgOPf3QpsppjXQ,https://api.spotify.com/v1/audio-analysis/0vf2AjuJGgOPf3QpsppjXQ,300493,4
0.814,0.828,1,-7.571,0,0.0354,0.0577,0.0227,0.206,0.925,120.136,audio_features,6ILdtae2jIJoaj0aFxqQQ4,spotify:track:6ILdtae2jIJoaj0aFxqQQ4,https://api.spotify.com/v1/tracks/6ILdtae2jIJoaj0aFxqQQ4,https://api.spotify.com/v1/audio-analysis/6ILdtae2jIJoaj0aFxqQQ4,314427,4
0.428,0.904,5,-4.189,1,0.261,0.0404,4.1e-06,0.0754,0.834,199.869,audio_features,0hPNfDQW0AHa1kaAknRanK,spotify:track:0hPNfDQW0AHa1kaAknRanK,https://api.spotify.com/v1/tracks/0hPNfDQW0AHa1kaAknRanK,https://api.spotify.com/v1/audio-analysis/0hPNfDQW0AHa1kaAknRanK,174000,4
0.854,0.826,0,-1.763,1,0.143,0.0687,4.12e-06,0.0561,0.908,108.039,audio_features,7COsrsckFqwWq21jHjjycq,spotify:track:7COsrsckFqwWq21jHjjycq,https://api.spotify.com/v1/tracks/7COsrsckFqwWq21jHjjycq,https://api.spotify.com/v1/audio-analysis/7COsrsckFqwWq21jHjjycq,266111,4
0.719,0.703,5,-4.93,0,0.0392,0.032,1.14e-05,0.0656,0.72,101.984,audio_features,2L1CvihtseniGV9XsDnNZj,spotify:track:2L1CvihtseniGV9XsDnNZj,https://api.spotify.com/v1/tracks/2L1CvihtseniGV9XsDnNZj,https://api.spotify.com/v1/audio-analysis/2L1CvihtseniGV9XsDnNZj,223000,4
0.528,0.928,11,-4.023,0,0.249,0.215,0.0,0.0771,0.788,111.148,audio_features,2DJVI06rZL15zyEM0zx3TX,spotify:track:2DJVI06rZL15zyEM0zx3TX,https://api.spotify.com/v1/tracks/2DJVI06rZL15zyEM0zx3TX,https://api.spotify.com/v1/audio-analysis/2DJVI06rZL15zyEM0zx3TX,569133,3
0.711,0.899,6,-5.057,1,0.102,0.631,2.53e-05,0.0581,0.888,108.022,audio_features,4UBu1skpQXiLNqDY0gUiaG,spotify:track:4UBu1skpQXiLNqDY0gUiaG,https://api.spotify.com/v1/tracks/4UBu1skpQXiLNqDY0gUiaG,https://api.spotify.com/v1/audio-analysis/4UBu1skpQXiLNqDY0gUiaG,226534,4
0.801,0.583,7,-7.559,1,0.105,0.189,2.83e-05,0.107,0.375,110.003,audio_features,1bReNYO95yLbJjen9ko2iz,spotify:track:1bReNYO95yLbJjen9ko2iz,https://api.spotify.com/v1/tracks/1bReNYO95yLbJjen9ko2iz,https://api.spotify.com/v1/audio-analysis/1bReNYO95yLbJjen9ko2iz,233455,4
0.751,0.83,2,-5.755,1,0.181,0.31,3.24e-06,0.275,0.608,176.983,audio_features,7H3UC0vmAXe4aRbieYiDHF,spotify:track:7H3UC0vmAXe4aRbieYiDHF,https://api.spotify.com/v1/tracks/7H3UC0vmAXe4aRbieYiDHF,https://api.spotify.com/v1/audio-analysis/7H3UC0vmAXe4aRbieYiDHF,292720,3
0.538,0.631,8,-6.25,0,0.124,0.22,1.52e-05,0.102,0.853,172.777,audio_features,0f0Lf0PqMd5cSLAIxByztw,spotify:track:0f0Lf0PqMd5cSLAIxByztw,https://api.spotify.com/v1/tracks/0f0Lf0PqMd5cSLAIxByztw,https://api.spotify.com/v1/audio-analysis/0f0Lf0PqMd5cSLAIxByztw,194087,3
0.74,0.683,4,-7.189,0,0.167,0.0453,0.0,0.164,0.341,149.01,audio_features,5o0GpA9DLNiGv78vDGacQY,spotify:track:5o0GpA9DLNiGv78vDGacQY,https://api.spotify.com/v1/tracks/5o0GpA9DLNiGv78vDGacQY,https://api.spotify.com/v1/audio-analysis/5o0GpA9DLNiGv78vDGacQY,154631,4
0.834,0.878,7,-3.369,1,0.12,0.00313,0.149,0.246,0.315,102.043,audio_features,2V3mQTPHYkxbkYxXMjnKFA,spotify:track:2V3mQTPHYkxbkYxXMjnKFA,https://api.spotify.com/v1/tracks/2V3mQTPHYkxbkYxXMjnKFA,https://api.spotify.com/v1/audio-analysis/2V3mQTPHYkxbkYxXMjnKFA,155294,4
0.609,0.51,2,-8.409,1,0.238,0.437,3.27e-05,0.0763,0.562,99.109,audio_features,0hyRRasJGkmnXj1k1PWrR9,spotify:track:0hyRRasJGkmnXj1k1PWrR9,https://api.spotify.com/v1/tracks/0hyRRasJGkmnXj1k1PWrR9,https://api.spotify.com/v1/audio-analysis/0hyRRasJGkmnXj1k1PWrR9,246500,4
0.851,0.642,10,-7.046,0,0.254,0.551,0.0,0.119,0.583,110.032,audio_features,4eMTkiQRtQKzFgvE5tD4gN,spotify:track:4eMTkiQRtQKzFgvE5tD4gN,https://api.spotify.com/v1/tracks/4eMTkiQRtQKzFgvE5tD4gN,https://api.spotify.com/v1/audio-analysis/4eMTkiQRtQKzFgvE5tD4gN,165818,4
0.531,0.561,7,-7.175,0,0.153,0.143,0.0,0.147,0.339,101.115,audio_features,2bJojWEUKvijZaSo7Jfh0W,spotify:track:2bJojWEUKvijZaSo7Jfh0W,https://api.spotify.com/v1/tracks/2bJojWEUKvijZaSo7Jfh0W,https://api.spotify.com/v1/audio-analysis/2bJojWEUKvijZaSo7Jfh0W,147512,4
0.909,0.693,6,-4.758,0,0.275,0.0592,0.0,0.0844,0.36,112.009,audio_features,3G01BWjyDbEy1oF7TsDmpU,spotify:track:3G01BWjyDbEy1oF7TsDmpU,https://api.spotify.com/v1/tracks/3G01BWjyDbEy1oF7TsDmpU,https://api.spotify.com/v1/audio-analysis/3G01BWjyDbEy1oF7TsDmpU,143126,5
0.709,0.478,10,-9.054,0,0.13,0.0176,0.0,0.113,0.385,88.951,audio_features,4cYqSneIrA6VsEat6nhwxu,spotify:track:4cYqSneIrA6VsEat6nhwxu,https://api.spotify.com/v1/tracks/4cYqSneIrA6VsEat6nhwxu,https://api.spotify.com/v1/audio-analysis/4cYqSneIrA6VsEat6nhwxu,186093,4
0.476,0.596,7,-4.234,1,0.0705,0.108,0.0,0.138,0.549,80.74,audio_features,7uyivkbdc8iH8wyBGBhlXV,spotify:track:7uyivkbdc8iH8wyBGBhlXV,https://api.spotify.com/v1/tracks/7uyivkbdc8iH8wyBGBhlXV,https://api.spotify.com/v1/audio-analysis/7uyivkbdc8iH8wyBGBhlXV,229000,4
0.175,0.204,4,-11.414,1,0.0362,0.799,4.88e-05,0.147,0.0795,73.106,audio_features,1Cfx6KBsyF0tEKbZbS4faj,spotify:track:1Cfx6KBsyF0tEKbZbS4faj,https://api.spotify.com/v1/tracks/1Cfx6KBsyF0tEKbZbS4faj,https://api.spotify.com/v1/audio-analysis/1Cfx6KBsyF0tEKbZbS4faj,267533,3
0.538,0.698,11,-4.282,0,0.305,0.0103,3.45e-06,0.134,0.424,118.752,audio_features,35SI5zFEhOeo4XDBMwS41S,spotify:track:35SI5zFEhOeo4XDBMwS41S,https://api.spotify.com/v1/tracks/35SI5zFEhOeo4XDBMwS41S,https://api.spotify.com/v1/audio-analysis/35SI5zFEhOeo4XDBMwS41S,335147,4
0.609,0.563,5,-6.284,0,0.0328,0.0109,7.76e-06,0.156,0.306,148.949,audio_features,3wACjmQo7ZkRNMLfZXndFB,spotify:track:3wACjmQo7ZkRNMLfZXndFB,https://api.spotify.com/v1/tracks/3wACjmQo7ZkRNMLfZXndFB,https://api.spotify.com/v1/audio-analysis/3wACjmQo7ZkRNMLfZXndFB,259533,4
0.81,0.55,6,-7.117,0,0.0964,0.0112,0.000171,0.0824,0.771,94.991,audio_features,016VadL8DHxqk0XlTQp9Xo,spotify:track:016VadL8DHxqk0XlTQp9Xo,https://api.spotify.com/v1/tracks/016VadL8DHxqk0XlTQp9Xo,https://api.spotify.com/v1/audio-analysis/016VadL8DHxqk0XlTQp9Xo,214867,4
0.706,0.695,8,-9.459,0,0.0576,0.397,0.0,0.201,0.814,99.3,audio_features,1v432WiNGnjfsdDAjMJrxQ,spotify:track:1v432WiNGnjfsdDAjMJrxQ,https://api.spotify.com/v1/tracks/1v432WiNGnjfsdDAjMJrxQ,https://api.spotify.com/v1/audio-analysis/1v432WiNGnjfsdDAjMJrxQ,330400,4
0.664,0.701,1,-7.718,1,0.0967,0.234,0.00117,0.0646,0.625,151.947,audio_features,30Z84zKyyx3Hn2Af8OdwaR,spotify:track:30Z84zKyyx3Hn2Af8OdwaR,https://api.spotify.com/v1/tracks/30Z84zKyyx3Hn2Af8OdwaR,https://api.spotify.com/v1/audio-analysis/30Z84zKyyx3Hn2Af8OdwaR,248853,4
0.447,0.694,7,-4.637,0,0.382,0.0293,5.46e-06,0.167,0.509,175.868,audio_features,6RX5iL93VZ5fKmyvNXvF1r,spotify:track:6RX5iL93VZ5fKmyvNXvF1r,https://api.spotify.com/v1/tracks/6RX5iL93VZ5fKmyvNXvF1r,https://api.spotify.com/v1/audio-analysis/6RX5iL93VZ5fKmyvNXvF1r,227853,4
0.584,0.858,1,-6.237,1,0.269,0.0315,0.0,0.438,0.652,88.339,audio_features,1KdyFkeSe58qEOejV5ksqi,spotify:track:1KdyFkeSe58qEOejV5ksqi,https://api.spotify.com/v1/tracks/1KdyFkeSe58qEOejV5ksqi,https://api.spotify.com/v1/audio-analysis/1KdyFkeSe58qEOejV5ksqi,209973,4
0.613,0.527,5,-8.206,0,0.0443,0.0672,0.0,0.101,0.463,90.053,audio_features,1SBdQujLm2pg30EzL9swm0,spotify:track:1SBdQujLm2pg30EzL9swm0,https://api.spotify.com/v1/tracks/1SBdQujLm2pg30EzL9swm0,https://api.spotify.com/v1/audio-analysis/1SBdQujLm2pg30EzL9swm0,163920,4
0.563,0.328,0,-6.873,1,0.061,0.948,1.28e-06,0.114,0.265,75.85,audio_features,4Z8DyhYIN47p8LgrPVOYeL,spotify:track:4Z8DyhYIN47p8LgrPVOYeL,https://api.spotify.com/v1/tracks/4Z8DyhYIN47p8LgrPVOYeL,https://api.spotify.com/v1/audio-analysis/4Z8DyhYIN47p8LgrPVOYeL,199090,3
0.796,0.697,4,-7.062,0,0.0537,0.112,1.55e-05,0.0523,0.714,111.999,audio_features,0Aj49rBA0sepKeOpxE4Rdz,spotify:track:0Aj49rBA0sepKeOpxE4Rdz,https://api.spotify.com/v1/tracks/0Aj49rBA0sepKeOpxE4Rdz,https://api.spotify.com/v1/audio-analysis/0Aj49rBA0sepKeOpxE4Rdz,234667,4
0.709,0.719,11,-6.495,0,0.0287,0.0219,0.00571,0.127,0.517,118.167,audio_features,1ip3cK5vqL1gV1tfew4VQL,spotify:track:1ip3cK5vqL1gV1tfew4VQL,https://api.spotify.com/v1/tracks/1ip3cK5vqL1gV1tfew4VQL,https://api.spotify.com/v1/audio-analysis/1ip3cK5vqL1gV1tfew4VQL,166093,4
0.561,0.417,5,-8.755,1,0.0619,0.786,0.0,0.134,0.966,111.576,audio_features,0vE4HQ6BbahhUzvzTJxl8k,spotify:track:0vE4HQ6BbahhUzvzTJxl8k,https://api.spotify.com/v1/tracks/0vE4HQ6BbahhUzvzTJxl8k,https://api.spotify.com/v1/audio-analysis/0vE4HQ6BbahhUzvzTJxl8k,95107,4
0.778,0.349,4,-11.328,1,0.0535,0.771,0.0,0.194,0.947,91.228,audio_features,6KPGfGT3dH303l0dxu1R6i,spotify:track:6KPGfGT3dH303l0dxu1R6i,https://api.spotify.com/v1/tracks/6KPGfGT3dH303l0dxu1R6i,https://api.spotify.com/v1/audio-analysis/6KPGfGT3dH303l0dxu1R6i,129720,4
0.615,0.402,4,-10.089,1,0.128,0.841,0.0,0.187,0.52,124.327,audio_features,2xdsqpdd2glIatHtH1mFEJ,spotify:track:2xdsqpdd2glIatHtH1mFEJ,https://api.spotify.com/v1/tracks/2xdsqpdd2glIatHtH1mFEJ,https://api.spotify.com/v1/audio-analysis/2xdsqpdd2glIatHtH1mFEJ,147840,4
0.427,0.246,2,-12.242,1,0.0529,0.573,0.0,0.188,0.597,185.963,audio_features,3yKKOT6iRnOeqt9MjdyKAJ,spotify:track:3yKKOT6iRnOeqt9MjdyKAJ,https://api.spotify.com/v1/tracks/3yKKOT6iRnOeqt9MjdyKAJ,https://api.spotify.com/v1/audio-analysis/3yKKOT6iRnOeqt9MjdyKAJ,103880,3
0.619,0.592,0,-5.264,1,0.0269,0.336,0.0,0.151,0.372,119.986,audio_features,78QiAMKJNJUxaXsZaOZ8mO,spotify:track:78QiAMKJNJUxaXsZaOZ8mO,https://api.spotify.com/v1/tracks/78QiAMKJNJUxaXsZaOZ8mO,https://api.spotify.com/v1/audio-analysis/78QiAMKJNJUxaXsZaOZ8mO,177987,4
0.551,0.782,11,-6.11,0,0.0297,0.0587,0.0,0.13,0.318,113.895,audio_features,1GwUK00rJlVybM0nVWIhrV,spotify:track:1GwUK00rJlVybM0nVWIhrV,https://api.spotify.com/v1/tracks/1GwUK00rJlVybM0nVWIhrV,https://api.spotify.com/v1/audio-analysis/1GwUK00rJlVybM0nVWIhrV,246507,4
0.666,0.537,0,-10.235,1,0.0359,0.109,0.0185,0.0866,0.342,89.58,audio_features,5p4Cv9573OL5CIPZ6cmpiH,spotify:track:5p4Cv9573OL5CIPZ6cmpiH,https://api.spotify.com/v1/tracks/5p4Cv9573OL5CIPZ6cmpiH,https://api.spotify.com/v1/audio-analysis/5p4Cv9573OL5CIPZ6cmpiH,283107,4
0.697,0.886,3,-4.09,1,0.0387,0.0253,0.00788,0.343,0.845,127.941,audio_features,4wefmsjMit9HS6u51WbvQU,spotify:track:4wefmsjMit9HS6u51WbvQU,https://api.spotify.com/v1/tracks/4wefmsjMit9HS6u51WbvQU,https://api.spotify.com/v1/audio-analysis/4wefmsjMit9HS6u51WbvQU,188840,4
0.817,0.601,2,-8.502,1,0.0873,0.0949,7.62e-05,0.105,0.889,111.96,audio_features,0Pao4JPYYSmCbWXneQ26i7,spotify:track:0Pao4JPYYSmCbWXneQ26i7,https://api.spotify.com/v1/tracks/0Pao4JPYYSmCbWXneQ26i7,https://api.spotify.com/v1/audio-analysis/0Pao4JPYYSmCbWXneQ26i7,176719,4
0.696,0.439,1,-8.77,0,0.055,0.0636,0.0,0.127,0.229,149.923,audio_features,2PgMUAn2bBpm8gz6yAXvVL,spotify:track:2PgMUAn2bBpm8gz6yAXvVL,https://api.spotify.com/v1/tracks/2PgMUAn2bBpm8gz6yAXvVL,https://api.spotify.com/v1/audio-analysis/2PgMUAn2bBpm8gz6yAXvVL,213320,4
0.558,0.456,2,-8.118,1,0.0945,0.129,0.0,0.189,0.566,94.851,audio_features,6VWz99969QmNc2gWo21ktl,spotify:track:6VWz99969QmNc2gWo21ktl,https://api.spotify.com/v1/tracks/6VWz99969QmNc2gWo21ktl,https://api.spotify.com/v1/audio-analysis/6VWz99969QmNc2gWo21ktl,177960,4
0.6,0.433,10,-7.894,1,0.0787,0.808,0.0,0.122,0.246,77.521,audio_features,3Qwd9wK176KgmorU7fCW6S,spotify:track:3Qwd9wK176KgmorU7fCW6S,https://api.spotify.com/v1/tracks/3Qwd9wK176KgmorU7fCW6S,https://api.spotify.com/v1/audio-analysis/3Qwd9wK176KgmorU7fCW6S,186947,3
0.612,0.616,0,-6.33,1,0.391,0.355,0.0,0.099,0.102,79.01,audio_features,4IiHCtnfw8tZasAeocWqVe,spotify:track:4IiHCtnfw8tZasAeocWqVe,https://api.spotify.com/v1/tracks/4IiHCtnfw8tZasAeocWqVe,https://api.spotify.com/v1/audio-analysis/4IiHCtnfw8tZasAeocWqVe,300973,4
0.451,0.507,11,-6.24,1,0.0316,0.473,0.0,0.108,0.564,165.76,audio_features,1T7AiFL9ruKKwlONN35Vh0,spotify:track:1T7AiFL9ruKKwlONN35Vh0,https://api.spotify.com/v1/tracks/1T7AiFL9ruKKwlONN35Vh0,https://api.spotify.com/v1/audio-analysis/1T7AiFL9ruKKwlONN35Vh0,187027,4
0.574,0.856,1,-3.926,1,0.0842,0.231,0.125,0.348,0.647,110.023,audio_features,6g0MAM6SD3HkpH37AG1ykR,spotify:track:6g0MAM6SD3HkpH37AG1ykR,https://api.spotify.com/v1/tracks/6g0MAM6SD3HkpH37AG1ykR,https://api.spotify.com/v1/audio-analysis/6g0MAM6SD3HkpH37AG1ykR,174545,4
0.753,0.634,9,-8.186,0,0.0333,0.115,8.94e-06,0.1,0.785,137.958,audio_features,3h2zMdlYbKfQ2Ur1AfdnhC,spotify:track:3h2zMdlYbKfQ2Ur1AfdnhC,https://api.spotify.com/v1/tracks/3h2zMdlYbKfQ2Ur1AfdnhC,https://api.spotify.com/v1/audio-analysis/3h2zMdlYbKfQ2Ur1AfdnhC,266594,4
0.668,0.736,0,-4.982,0,0.0298,0.0766,0.000934,0.181,0.806,116.019,audio_features,3NuDTjm49n0UNSV9UwmzfR,spotify:track:3NuDTjm49n0UNSV9UwmzfR,https://api.spotify.com/v1/tracks/3NuDTjm49n0UNSV9UwmzfR,https://api.spotify.com/v1/audio-analysis/3NuDTjm49n0UNSV9UwmzfR,228267,4
0.59,0.828,6,-3.351,0,0.0462,0.0131,0.0,0.1,0.771,120.028,audio_features,1uiNMpDRJSS0r76WzyzpiN,spotify:track:1uiNMpDRJSS0r76WzyzpiN,https://api.spotify.com/v1/tracks/1uiNMpDRJSS0r76WzyzpiN,https://api.spotify.com/v1/audio-analysis/1uiNMpDRJSS0r76WzyzpiN,165133,4
0.547,0.311,7,-8.034,1,0.045,0.908,8.33e-05,0.109,0.48,113.056,audio_features,4W5hQxyoYkxgBPyivFOHWS,spotify:track:4W5hQxyoYkxgBPyivFOHWS,https://api.spotify.com/v1/tracks/4W5hQxyoYkxgBPyivFOHWS,https://api.spotify.com/v1/audio-analysis/4W5hQxyoYkxgBPyivFOHWS,211867,4
0.336,0.425,7,-6.724,1,0.0374,0.777,1.23e-05,0.144,0.358,155.588,audio_features,5qCiEECEMXhQ0cZZH9EYMO,spotify:track:5qCiEECEMXhQ0cZZH9EYMO,https://api.spotify.com/v1/tracks/5qCiEECEMXhQ0cZZH9EYMO,https://api.spotify.com/v1/audio-analysis/5qCiEECEMXhQ0cZZH9EYMO,186613,3
0.673,0.414,2,-8.252,1,0.0428,0.664,1.59e-05,0.115,0.594,147.928,audio_features,4O1xKPHOH7iXlzMNUDuxHS,spotify:track:4O1xKPHOH7iXlzMNUDuxHS,https://api.spotify.com/v1/tracks/4O1xKPHOH7iXlzMNUDuxHS,https://api.spotify.com/v1/audio-analysis/4O1xKPHOH7iXlzMNUDuxHS,233200,4
0.736,0.679,11,-5.062,1,0.0386,0.0239,1.41e-05,0.265,0.936,131.032,audio_features,3ToWC9JYSmDIa9yJs0k6PO,spotify:track:3ToWC9JYSmDIa9yJs0k6PO,https://api.spotify.com/v1/tracks/3ToWC9JYSmDIa9yJs0k6PO,https://api.spotify.com/v1/audio-analysis/3ToWC9JYSmDIa9yJs0k6PO,186840,4
0.846,0.73,5,-5.147,0,0.112,0.437,0.0,0.172,0.587,137.969,audio_features,3RaqIAipLoQLVVNm41IMnJ,spotify:track:3RaqIAipLoQLVVNm41IMnJ,https://api.spotify.com/v1/tracks/3RaqIAipLoQLVVNm41IMnJ,https://api.spotify.com/v1/audio-analysis/3RaqIAipLoQLVVNm41IMnJ,192707,4
0.753,0.452,1,-9.156,1,0.0422,0.111,0.00416,0.132,0.665,149.947,audio_features,0hTztV4aPdfnoy0UOkVtSZ,spotify:track:0hTztV4aPdfnoy0UOkVtSZ,https://api.spotify.com/v1/tracks/0hTztV4aPdfnoy0UOkVtSZ,https://api.spotify.com/v1/audio-analysis/0hTztV4aPdfnoy0UOkVtSZ,211584,4
0.708,0.98,6,-3.122,1,0.251,0.118,0.0,0.614,0.585,96.879,audio_features,7tQpKKS4Jis0pCotemeLdz,spotify:track:7tQpKKS4Jis0pCotemeLdz,https://api.spotify.com/v1/tracks/7tQpKKS4Jis0pCotemeLdz,https://api.spotify.com/v1/audio-analysis/7tQpKKS4Jis0pCotemeLdz,124974,4
0.688,0.881,4,-5.288,0,0.0757,0.235,0.0,0.613,0.722,148.002,audio_features,5464g2dq5BveptGEWetOrh,spotify:track:5464g2dq5BveptGEWetOrh,https://api.spotify.com/v1/tracks/5464g2dq5BveptGEWetOrh,https://api.spotify.com/v1/audio-analysis/5464g2dq5BveptGEWetOrh,237365,3
0.745,0.9,4,-2.81,0,0.0559,0.0618,0.0,0.315,0.747,96.022,audio_features,26HNGjzbmS7hPSvFxDONXK,spotify:track:26HNGjzbmS7hPSvFxDONXK,https://api.spotify.com/v1/tracks/26HNGjzbmS7hPSvFxDONXK,https://api.spotify.com/v1/audio-analysis/26HNGjzbmS7hPSvFxDONXK,193698,4
0.768,0.894,10,-2.482,1,0.0415,0.313,0.0253,0.0856,0.737,105.962,audio_features,4gv9eyEf7cXViNTBXS2g5C,spotify:track:4gv9eyEf7cXViNTBXS2g5C,https://api.spotify.com/v1/tracks/4gv9eyEf7cXViNTBXS2g5C,https://api.spotify.com/v1/audio-analysis/4gv9eyEf7cXViNTBXS2g5C,224333,4
0.794,0.828,8,-5.883,0,0.0756,0.0999,0.0,0.102,0.368,90.015,audio_features,272vIYVYzfAgHUQRUYWmhP,spotify:track:272vIYVYzfAgHUQRUYWmhP,https://api.spotify.com/v1/tracks/272vIYVYzfAgHUQRUYWmhP,https://api.spotify.com/v1/audio-analysis/272vIYVYzfAgHUQRUYWmhP,210333,4
0.474,0.352,10,-6.16,1,0.0343,0.58,0.0,0.102,0.324,71.684,audio_features,2vM7UXTKvXEadfRMNeoG6s,spotify:track:2vM7UXTKvXEadfRMNeoG6s,https://api.spotify.com/v1/tracks/2vM7UXTKvXEadfRMNeoG6s,https://api.spotify.com/v1/audio-analysis/2vM7UXTKvXEadfRMNeoG6s,166640,1
0.504,0.762,2,-6.42,1,0.057,0.095,1.27e-06,0.338,0.44,176.013,audio_features,6ZZf5a8oiInHDkBe9zXfLP,spotify:track:6ZZf5a8oiInHDkBe9zXfLP,https://api.spotify.com/v1/tracks/6ZZf5a8oiInHDkBe9zXfLP,https://api.spotify.com/v1/audio-analysis/6ZZf5a8oiInHDkBe9zXfLP,224804,4
0.714,0.531,2,-9.559,1,0.0327,0.267,0.011,0.112,0.594,146.972,audio_features,4u4A4lPpiw54evLxTaLeRJ,spotify:track:4u4A4lPpiw54evLxTaLeRJ,https://api.spotify.com/v1/tracks/4u4A4lPpiw54evLxTaLeRJ,https://api.spotify.com/v1/audio-analysis/4u4A4lPpiw54evLxTaLeRJ,222958,4
0.564,0.591,0,-7.456,0,0.0318,0.745,0.000246,0.0937,0.403,172.057,audio_features,26J3f0d3ZuN7g66xBdey8o,spotify:track:26J3f0d3ZuN7g66xBdey8o,https://api.spotify.com/v1/tracks/26J3f0d3ZuN7g66xBdey8o,https://api.spotify.com/v1/audio-analysis/26J3f0d3ZuN7g66xBdey8o,214847,4
0.727,0.482,11,-6.193,1,0.115,0.933,0.0,0.388,0.487,74.93,audio_features,6qoIFQfdmaQF9A1gb67tR7,spotify:track:6qoIFQfdmaQF9A1gb67tR7,https://api.spotify.com/v1/tracks/6qoIFQfdmaQF9A1gb67tR7,https://api.spotify.com/v1/audio-analysis/6qoIFQfdmaQF9A1gb67tR7,155947,4
0.669,0.722,5,-8.172,1,0.0438,0.44,0.00326,0.0881,0.968,92.221,audio_features,6uVS7b7bd5OJjv6OLya5mU,spotify:track:6uVS7b7bd5OJjv6OLya5mU,https://api.spotify.com/v1/tracks/6uVS7b7bd5OJjv6OLya5mU,https://api.spotify.com/v1/audio-analysis/6uVS7b7bd5OJjv6OLya5mU,192920,4
0.59,0.915,2,-2.682,1,0.068,0.119,3.5e-06,0.0808,0.688,119.402,audio_features,1LxrKXZ93NST4bWJ3i4LHJ,spotify:track:1LxrKXZ93NST4bWJ3i4LHJ,https://api.spotify.com/v1/tracks/1LxrKXZ93NST4bWJ3i4LHJ,https://api.spotify.com/v1/audio-analysis/1LxrKXZ93NST4bWJ3i4LHJ,183960,4
0.633,0.69,7,-4.397,1,0.0298,0.0246,4.81e-06,0.131,0.631,103.003,audio_features,0DEJ9GEuWuGFMR1GhPORnY,spotify:track:0DEJ9GEuWuGFMR1GhPORnY,https://api.spotify.com/v1/tracks/0DEJ9GEuWuGFMR1GhPORnY,https://api.spotify.com/v1/audio-analysis/0DEJ9GEuWuGFMR1GhPORnY,216533,4
0.347,0.538,10,-6.436,1,0.0485,0.232,0.00896,0.108,0.45,149.566,audio_features,1Dxd6jRWv2Nmpof3ehBThs,spotify:track:1Dxd6jRWv2Nmpof3ehBThs,https://api.spotify.com/v1/tracks/1Dxd6jRWv2Nmpof3ehBThs,https://api.spotify.com/v1/audio-analysis/1Dxd6jRWv2Nmpof3ehBThs,263613,4
0.73,0.901,9,-4.057,1,0.0391,0.279,1.02e-05,0.0439,0.932,134.032,audio_features,6XYuf9uFI4zKYvIVCkzkSC,spotify:track:6XYuf9uFI4zKYvIVCkzkSC,https://api.spotify.com/v1/tracks/6XYuf9uFI4zKYvIVCkzkSC,https://api.spotify.com/v1/audio-analysis/6XYuf9uFI4zKYvIVCkzkSC,276533,4
0.701,0.72,1,-9.199,0,0.0302,0.0374,7.88e-05,0.084,0.921,123.801,audio_features,5poKsdUqzHa1RmcMBkA3RA,spotify:track:5poKsdUqzHa1RmcMBkA3RA,https://api.spotify.com/v1/tracks/5poKsdUqzHa1RmcMBkA3RA,https://api.spotify.com/v1/audio-analysis/5poKsdUqzHa1RmcMBkA3RA,252560,4
0.657,0.571,2,-12.519,1,0.139,0.11,0.00123,0.0735,0.622,167.958,audio_features,4SUwJA3eUVNHExxMPEUhQe,spotify:track:4SUwJA3eUVNHExxMPEUhQe,https://api.spotify.com/v1/tracks/4SUwJA3eUVNHExxMPEUhQe,https://api.spotify.com/v1/audio-analysis/4SUwJA3eUVNHExxMPEUhQe,207307,4
0.668,0.626,7,-5.278,1,0.315,0.0833,0.0116,0.0782,0.679,165.926,audio_features,5KXp9E22MHunsS4W4PNBUf,spotify:track:5KXp9E22MHunsS4W4PNBUf,https://api.spotify.com/v1/tracks/5KXp9E22MHunsS4W4PNBUf,https://api.spotify.com/v1/audio-analysis/5KXp9E22MHunsS4W4PNBUf,169741,4
0.609,0.438,6,-8.486,0,0.0311,0.626,0.00011,0.103,0.176,139.875,audio_features,3e6ebtUCZ0tZL1J7wvM8Xi,spotify:track:3e6ebtUCZ0tZL1J7wvM8Xi,https://api.spotify.com/v1/tracks/3e6ebtUCZ0tZL1J7wvM8Xi,https://api.spotify.com/v1/audio-analysis/3e6ebtUCZ0tZL1J7wvM8Xi,248407,4
0.315,0.559,8,-6.995,1,0.0332,0.0384,0.000348,0.135,0.206,171.872,audio_features,6Sjg6cp8yXtKX5DrcEl7HV,spotify:track:6Sjg6cp8yXtKX5DrcEl7HV,https://api.spotify.com/v1/tracks/6Sjg6cp8yXtKX5DrcEl7HV,https://api.spotify.com/v1/audio-analysis/6Sjg6cp8yXtKX5DrcEl7HV,184607,4
0.429,0.757,1,-2.912,1,0.0306,0.14,0.0,0.144,0.538,82.517,audio_features,4qiVbHlE4gdQHM79Hx4hPD,spotify:track:4qiVbHlE4gdQHM79Hx4hPD,https://api.spotify.com/v1/tracks/4qiVbHlE4gdQHM79Hx4hPD,https://api.spotify.com/v1/audio-analysis/4qiVbHlE4gdQHM79Hx4hPD,203240,4
0.712,0.403,5,-10.184,0,0.0583,0.9,2.59e-06,0.194,0.65,98.112,audio_features,44JOhyEs7Limo1FgFq11oJ,spotify:track:44JOhyEs7Limo1FgFq11oJ,https://api.spotify.com/v1/tracks/44JOhyEs7Limo1FgFq11oJ,https://api.spotify.com/v1/audio-analysis/44JOhyEs7Limo1FgFq11oJ,188763,4
0.849,0.409,1,-9.178,1,0.422,0.252,0.0,0.101,0.407,88.979,audio_features,2ZN0GHIwy1KLEJODW1uVkO,spotify:track:2ZN0GHIwy1KLEJODW1uVkO,https://api.spotify.com/v1/tracks/2ZN0GHIwy1KLEJODW1uVkO,https://api.spotify.com/v1/audio-analysis/2ZN0GHIwy1KLEJODW1uVkO,137187,4
0.6,0.765,8,-5.547,1,0.386,0.219,0.0,0.109,0.567,127.706,audio_features,6HZM7KTONVIDWCe2r8d6ol,spotify:track:6HZM7KTONVIDWCe2r8d6ol,https://api.spotify.com/v1/tracks/6HZM7KTONVIDWCe2r8d6ol,https://api.spotify.com/v1/audio-analysis/6HZM7KTONVIDWCe2r8d6ol,228133,5
0.452,0.668,4,-5.118,0,0.0292,0.00516,1.45e-05,0.112,0.142,142.548,audio_features,2mC33mxgLJN3IT65MGN3B0,spotify:track:2mC33mxgLJN3IT65MGN3B0,https://api.spotify.com/v1/tracks/2mC33mxgLJN3IT65MGN3B0,https://api.spotify.com/v1/audio-analysis/2mC33mxgLJN3IT65MGN3B0,395786,3
0.646,0.807,5,-5.303,1,0.0467,0.049,0.0,0.125,0.726,86.982,audio_features,0Vua3a4EZaEiGTfbUGImXf,spotify:track:0Vua3a4EZaEiGTfbUGImXf,https://api.spotify.com/v1/tracks/0Vua3a4EZaEiGTfbUGImXf,https://api.spotify.com/v1/audio-analysis/0Vua3a4EZaEiGTfbUGImXf,216820,4
0.8,0.966,8,-5.389,0,0.0916,0.178,1.66e-05,0.135,0.96,126.837,audio_features,06fNNrQqwUJ58OPj4u1Otk,spotify:track:06fNNrQqwUJ58OPj4u1Otk,https://api.spotify.com/v1/tracks/06fNNrQqwUJ58OPj4u1Otk,https://api.spotify.com/v1/audio-analysis/06fNNrQqwUJ58OPj4u1Otk,218307,4
0.598,0.433,9,-6.979,0,0.364,0.0719,0.0,0.203,0.448,155.854,audio_features,7c5eXEHM8pgtlc4n6StBwu,spotify:track:7c5eXEHM8pgtlc4n6StBwu,https://api.spotify.com/v1/tracks/7c5eXEHM8pgtlc4n6StBwu,https://api.spotify.com/v1/audio-analysis/7c5eXEHM8pgtlc4n6StBwu,212347,4
0.828,0.804,5,-4.499,1,0.0528,0.148,0.0,0.0369,0.484,136.108,audio_features,2dOaDJ2V93KksbkDqAArCY,spotify:track:2dOaDJ2V93KksbkDqAArCY,https://api.spotify.com/v1/tracks/2dOaDJ2V93KksbkDqAArCY,https://api.spotify.com/v1/audio-analysis/2dOaDJ2V93KksbkDqAArCY,165108,4
